,product_id,gender,clothes,color,price
0,1166969003,FEMME,Robe,Cream/Floral,"
                39,99 €"
1,1142215002,FEMME,Blouse,Noir,"
                49,99 €"
2,1159122003,FEMME,Robe,Vert,"
                59,99 €"
3,1159122001,FEMME,Robe,Noir,"
                59,99 €"
4,1157667001,FEMME,Robe,Noir,"
                79,99 €"
5,1158221001,FEMME,Lace,Vert,"
                34,99 €"
6,1156096001,FEMME,Sandales,Noir,"
                69,99 €"
7,1159124002,FEMME,Longue,Corail flamboyant,"
                59,99 €"
8,1159502001,FEMME,Crop,Noir,"
                49,99 €"
9,1180370002,FEMME,Robe,Blanc,"
                32,99 €"
10,1139990003,FEMME,90s,Bleu denim clair,"
                39,99 €"
11,1157505004,FEMME,Short,Bleu clair/rayures blanches,"
                14,99 €"
12,1157505003,FEMME,Short,Bleu clair/rayures blanches,"
                14,99 €"
13,1121055005,FEMME,Top,Bleu foncé/blanc,"
                14,99 €"
14,1150536002,FEMME,Short,Bleu clair/rayures blanches,"
                15,99 €"
15,1143631001,FEMME,Maillot,Orange/ombré,"
                29,99 €"
16,1143741003,FEMME,Haut,Orange,"
                19,99 €"
17,1146993002,FEMME,Bas,Rose/orange,"
                19,99 €"
18,1065604008,FEMME,Robe,Blanc,"
                24,99 €"
19,1145749003,FEMME,Bas,Marron foncé,"
                12,99 €"
20,1143696002,FEMME,Haut,Orange,"
                19,99 €"
21,1160136002,FEMME,Jupe,Jaune,"
                34,99 €"
22,1117683004,FEMME,Bas,Orange,"
                12,99 €"
23,0928322113,FEMME,Bas,Blanc,"
                9,99 €"
24,1144083002,FEMME,Maillot,Vert vif,"
                19,99 €"
25,0953737017,FEMME,Lot,Vert vif/noir,"
                14,99 €"
26,1046231006,FEMME,Haut,Vert vif/fleuri,"
                9,99 €"
27,1123828004,FEMME,Maillot,Vert vif/fleuri,"
                19,99 €"
28,1125720006,FEMME,Chemise,Bleu clair/rayé,"
                24,99 €"
29,1147452001,FEMME,Short,Bleu denim,"
                24,99 €"
30,1170980001,FEMME,Robe,Blanc,"
                89,99 €"
31,1154667002,FEMME,Robe,Blanc/motif bleu,"
                14,99 €"
32,1128713015,FEMME,Blazer,Bleu vif,"
                39,99 €"
33,1154667001,FEMME,Robe,Noir,"
                14,99 €"
34,1153870002,FEMME,Blouse,Bright blue,"
                29,99 €"
35,1163972002,FEMME,Jupe,Bleu clair/palmiers,"
                29,99 €"
36,1136438001,FEMME,Sandales,Noir,"
                24,99 €"
37,0993840017,FEMME,Short,Bleu clair/palmiers,"
                14,99 €"
38,1181795002,FEMME,Robe,Blanc,"
                24,99 €"
39,1155546001,FEMME,Robe,Blanc,"
                34,99 €"
40,1147211002,FEMME,Robe,Bleu/fleuri,"
                29,99 €"
41,1147246001,FEMME,Robe,Bleu clair/fleuri,"
                19,99 €"
42,1153316001,FEMME,Blouse,Crème,"
                19,99 €"
43,1065968014,FEMME,Robe,Vert clair/fleuri,"
                19,99 €"
44,1147246002,FEMME,Robe,Blanc/fleuri,"
                19,99 €"
45,1147250001,FEMME,Textured-weave,Blanc,"
                39,99 €"
46,1139039002,FEMME,Robe,Crème,"
                49,99 €"
47,1156885002,FEMME,Débardeur,White,"
                14,99 €"
48,1170527002,FEMME,Robe,Crème,"
                34,99 €"
49,1169063001,FEMME,Top,Blanc,"
                17,99 €"
50,1175372002,FEMME,Robe,Blanc,"
                59,99 €"
51,1131302001,FEMME,Bob,Blanc,"
                15,99 €"
52,1156868003,FEMME,Blouse,White,"
                24,99 €"
53,1162650001,FEMME,Blouse,Blanc,"
                24,99 €"
54,1161578001,FEMME,Robe,Noir,"
                39,99 €"
55,1154179002,FEMME,Robe,Crème,"
                39,99 €"
56,1181795001,FEMME,Robe,Noir,"
                24,99 €"
57,1186154001,FEMME,Top,Blanc,"
                22,99 €"
58,1161577002,FEMME,Robe,Noir/scintillant,"
                34,99 €"
59,1065968016,FEMME,Robe,Blanc,"
                19,99 €"
60,1149913002,FEMME,Robe,Crème,"
                24,99 €"
61,1171268001,FEMME,Longue,Lilas,"
                49,99 €"
62,1169530002,FEMME,Robe,Marron foncé,"
                29,99 €"
63,1171270002,FEMME,Robe,Lilas,"
                39,99 €"
64,1171272001,FEMME,Robe,Beige foncé,"
                49,99 €"
65,1158197001,FEMME,Combi-pantalon,Noir,"
                49,99 €"
66,1171273001,FEMME,Robe,Jaune,"
                29,99 €"
67,1164787002,FEMME,Robe,Beige clair,"
                19,99 €"
68,1167150002,FEMME,Robe,Noir/motif zébré,"
                29,99 €"
69,1163482002,FEMME,Robe,Noir/motif zébré,"
                19,99 €"
70,1155258004,FEMME,Pantalon,Crème/motif zébré,"
                24,99 €"
71,1153433001,FEMME,Sandales,Noir/motif,"
                29,99 €"
72,1161980001,FEMME,Crop,Noir,"
                14,99 €"
73,1159608001,FEMME,Short,Beige clair,"
                24,99 €"
74,1172038006,FEMME,Minijupe,Black/Zebra print,"
                19,99 €"
75,1170334001,FEMME,Longue,Crème/motif marron,"
                34,99 €"
76,1122105006,FEMME,Chemise,Beige clair,"
                29,99 €"
77,1138003004,FEMME,Pantalon,Rouge brique,"
                24,99 €"
78,1169790004,FEMME,Robe,Crème/motif marron,"
                24,99 €"
79,1155541001,FEMME,Robe,Crème/rayures noires,"
                24,99 €"
80,1133362002,FEMME,Claquettes,Noir,"
                14,99 €"
81,1133362006,FEMME,Claquettes,Marron,"
                14,99 €"
82,1145316001,FEMME,Pantalon,Noir,"
                24,99 €"
83,1126311007,FEMME,Chemise,Crème/rayé,"
                29,99 €"
84,1130011001,FEMME,Débardeur,Noir,"
                19,99 €"
85,1066559006,FEMME,Pantalon,Bleu vif,"
                29,99 €"
86,1162010003,FEMME,Pantalon,Violet,"
                29,99 €"
87,1129084002,FEMME,Jupe,Rose cerise/fleuri,"
                19,99 €"
88,1163355001,FEMME,Tongs,Noir,"
                54,99 €"
89,1128522002,FEMME,Chemise,Noir,"
                19,99 €"
90,1144829001,FEMME,Robe,Blanc/rayé,"
                19,99 €"
91,1128522001,FEMME,Chemise,Blanc,"
                19,99 €"
92,1156526003,FEMME,Blazer,Blanc,"
                44,99 €"
93,1145337001,FEMME,Pantalon,Noir,"
                29,99 €"
94,1125720005,FEMME,Chemise,Vert clair,"
                24,99 €"
95,0971104019,FEMME,Pantalon,Crème/motif noir,"
                17,99 €"
96,1126311002,FEMME,Chemise,Bleu/rayures blanches,"
                29,99 €"
97,0882925041,FEMME,Débardeur,Vert sauge,"
                7,99 €"
98,1058332025,FEMME,Short,Noir,"
                24,99 €"
99,1157526005,FEMME,T-shirt,Blanc,"
                19,99 €"
100,1154469001,FEMME,Bermuda,Noir,"
                19,99 €"
101,1154469004,FEMME,Bermuda,Beige clair,"
                19,99 €"
102,1055982010,FEMME,T-shirt,Rouge brique,"
                19,99 €"
103,1157526001,FEMME,T-shirt,Noir,"
                19,99 €"
104,1154866001,FEMME,Combi-pantalon,Noir,"
                19,99 €"
105,1169790001,FEMME,Robe,Noir,"
                24,99 €"
106,1167768003,FEMME,Robe,Crème/fleuri,"
                24,99 €"
107,1110131001,FEMME,Combi-pantalon,Noir,"
                39,99 €"
108,1164787001,FEMME,Robe,Noir,"
                19,99 €"
109,1137490001,FEMME,Robe,Bleu vif/motif,"
                29,99 €"
110,1135874005,FEMME,Robe,Rose cerise/fleuri,"
                19,99 €"
111,1133227001,FEMME,Cuissard,Noir,"
                14,99 €"
112,1141071004,FEMME,Combi-pantalon,Blanc,"
                49,99 €"
113,1164061002,FEMME,Top,Crème/rayé,"
                19,99 €"
114,1156885001,FEMME,Débardeur,Noir,"
                14,99 €"
115,1066926010,FEMME,Chemise,Écru/motif,"
                14,99 €"
116,1122105015,FEMME,Chemise,Jaune/rayé,"
                29,99 €"
117,1069414016,FEMME,Lot,Gris chiné/gris clair chiné,"
                19,99 €"
118,1178436001,FEMME,T-shirt,Noir,"
                9,99 €"
119,1130014002,FEMME,Robe,Crème,"
                29,99 €"
120,1153747002,FEMME,Claquettes,Beige foncé,"
                24,99 €"
121,1155691001,FEMME,Ensemble,Beige/carreaux blancs,"
                29,99 €"
122,1167253002,FEMME,Robe,Rose clair/fleuri,"
                29,99 €"
123,1132611006,FEMME,Sandales,Doré,"
                22,99 €"
124,1164422007,FEMME,Pantalon,Crème,"
                39,99 €"
125,1145299001,FEMME,Robe,Noir,"
                29,99 €"
126,1169732001,FEMME,Blouse,Bleu foncé,"
                29,99 €"
127,1129879003,FEMME,Lot,Marron/rose foncé/beige,"
                29,99 €"
128,1145276001,FEMME,Pantalon,Noir,"
                24,99 €"
129,1152722002,FEMME,Robe,Beige,"
                49,99 €"
130,1153730002,FEMME,Sandales,Brown,"
                39,99 €"
131,1066926004,FEMME,Chemise,Blanc/motif bleu,"
                14,99 €"
132,1147534003,FEMME,Robe,Noir,"
                24,99 €"
133,1135874003,FEMME,Robe,Blanc/fleuri,"
                19,99 €"
134,1004271030,FEMME,T-shirt,Blanc/Mykonos,"
                14,99 €"
135,1173451001,FEMME,Jupe,Noir,"
                19,99 €"
136,1157325001,FEMME,Jupe,Crème/motif noir,"
                19,99 €"
137,1124621007,FEMME,Pantalon,Beige clair,"
                29,99 €"
138,1134231012,FEMME,Chemise,Beige,"
                24,99 €"
139,1066926005,FEMME,Chemise,Blanc/palmiers,"
                14,99 €"
140,1140240003,FEMME,Lot,Beige foncé/blanc,"
                19,99 €"
141,1064008007,FEMME,Pantalon,Vert kaki clair,"
                22,99 €"
142,1110159004,FEMME,H&M+,Noir,"
                39,99 €"
143,1182222001,FEMME,Robe,Noir,"
                44,99 €"
144,1167253001,FEMME,Robe,Noir,"
                29,99 €"
145,1078982006,FEMME,Robe,Noir,"
                29,99 €"
146,1126311004,FEMME,Chemise,Bleu,"
                29,99 €"
147,1136891001,FEMME,Espadrilles,Bleu foncé/rayé,"
                24,99 €"
148,1147534014,FEMME,Robe,Rose cerise/fleuri,"
                24,99 €"
149,1156885003,FEMME,Débardeur,Beige,"
                14,99 €"
150,1110119003,FEMME,Jupe,Bleu denim,"
                24,99 €"
151,1154469003,FEMME,Bermuda,Blanc,"
                19,99 €"
152,1164422006,FEMME,Pantalon,Blanc,"
                39,99 €"
153,1153138003,FEMME,Robe,Rose cerise,"
                49,99 €"
154,1066559010,FEMME,Pantalon,Red,"
                29,99 €"
155,1163293001,FEMME,Robe,Noir,"
                49,99 €"
156,0975845043,FEMME,Pantalon,Light purple,"
                19,99 €"
157,1154780001,FEMME,Espadrilles,White,"
                34,99 €"
158,1171670002,FEMME,Jupe,Beige,"
                14,99 €"
159,1156066001,FEMME,Robe,Bleu/rayé,"
                34,99 €"
160,1141260002,FEMME,Lot,Rose poudré/blanc,"
                19,99 €"
161,1163560010,FEMME,T-shirt,Rayures noires/Paris,"
                12,99 €"
162,1155363004,FEMME,Top,Cream/Black striped,"
                19,99 €"
163,1130014005,FEMME,Robe,Marron,"
                29,99 €"
164,1169530003,FEMME,Robe,Rouge,"
                29,99 €"
165,1143462001,FEMME,Maillot,Noir,"
                34,99 €"
166,1176080001,FEMME,Chemise,Bleu denim,"
                69,99 €"
167,1154595001,FEMME,Sandales,Noir,"
                22,99 €"
168,1129186006,FEMME,Pantalon,Bleu marine,"
                24,99 €"
169,1113879004,FEMME,Maillot,Bleu foncé,"
                24,99 €"
170,1142432002,FEMME,Espadrilles,Noir/motif,"
                39,99 €"
171,1126311005,FEMME,Chemise,Blanc/rayures beiges,"
                29,99 €"
172,1175372001,FEMME,Robe,Orange,"
                59,99 €"
173,1154469007,FEMME,Bermuda,Terracotta,"
                19,99 €"
174,1157526003,FEMME,T-shirt,Rose,"
                19,99 €"
175,0762558286,FEMME,T-shirt,Cream/Barbie,"
                14,99 €"
176,1122102002,FEMME,Chemise,Bleu/rayé,"
                24,99 €"
177,1163482001,FEMME,Robe,Crème/rose/fleuri,"
                19,99 €"
178,1150834002,FEMME,Maillot,Blanc/noir,"
                29,99 €"
179,1107358006,FEMME,Pantalon,Gris clair,"
                24,99 €"
180,1155540003,FEMME,Débardeur,Noir,"
                19,99 €"
181,1173260001,FEMME,Chemise,Blanc,"
                39,99 €"
182,1127204007,FEMME,Blazer,Vert lime,"
                34,99 €"
183,1156970001,FEMME,Lot,Beige/noir,"
                19,99 €"
184,1155288002,FEMME,Jupe,Beige clair/coquillages,"
                29,99 €"
185,1058332029,FEMME,Short,Bright blue,"
                24,99 €"
186,0952983005,FEMME,Lot,Noir,"
                19,99 €"
187,1155503003,FEMME,Robe,Blanc,"
                24,99 €"
188,1061773007,FEMME,Lot,Beige foncé,"
                19,99 €"
189,1061299023,FEMME,T-shirt,Gris foncé/surf,"
                19,99 €"
190,0928212019,FEMME,Haut,Vert kaki,"
                19,99 €"
191,1127754001,FEMME,Robe,Rose cerise,"
                19,99 €"
192,1169074003,FEMME,Robe,Noir/motif,"
                24,99 €"
193,1139090003,FEMME,Top,Red,"
                14,99 €"
194,1127754004,FEMME,Robe,Bleu/rayé,"
                19,99 €"
195,1166178001,FEMME,Caraco,Blanc,"
                19,99 €"
196,1154866003,FEMME,Combi-pantalon,Crème/motif marron,"
                19,99 €"
197,1143649004,FEMME,Haut,Marron foncé,"
                19,99 €"
198,1140744001,FEMME,Jupe,Noir,"
                34,99 €"
199,1164422003,FEMME,Pantalon,Noir,"
                39,99 €"
200,1159092001,FEMME,Robe,Beige clair,"
                44,99 €"
201,1155258005,FEMME,Pantalon,Rose/fleuri,"
                24,99 €"
202,1157397001,FEMME,Sandales,Orange,"
                17,99 €"
203,1058024003,FEMME,Combi-pantalon,Beige,"
                49,99 €"
204,1162406002,FEMME,Soutien-gorge,Blanc,"
                24,99 €"
205,1149157004,FEMME,Robe,Bleu foncé/fleuri,"
                22,99 €"
206,1147534013,FEMME,Robe,Noir/motif zébré,"
                24,99 €"
207,1082177013,FEMME,Blazer,Noir,"
                39,99 €"
208,1137511001,FEMME,Chemise,Blanc,"
                39,99 €"
209,1158128002,FEMME,Short,White,"
                29,99 €"
210,1158178001,FEMME,Short,Noir,"
                29,99 €"
211,1137241001,FEMME,Blouse,Crème/motif zébré,"
                29,99 €"
212,0841434028,FEMME,Robe,White/Black striped,"
                14,99 €"
213,0954891024,FEMME,Pantalon,Beige clair/rayures tennis,"
                34,99 €"
214,1157064001,FEMME,Pantalon,Noir,"
                24,99 €"
215,0806241025,FEMME,Ensemble,Beige chiné,"
                14,99 €"
216,1115511003,FEMME,Legging,Vert foncé,"
                24,99 €"
217,0998124028,FEMME,Jupe,Jaune clair,"
                34,99 €"
218,1163560012,FEMME,T-shirt,Crème/Milano,"
                12,99 €"
219,1177554001,FEMME,Robe,Rose/fleuri,"
                29,99 €"
220,1162406001,FEMME,Soutien-gorge,Beige,"
                24,99 €"
221,1164406002,FEMME,Blazer,Light yellow,"
                49,99 €"
222,1172425001,FEMME,T-shirt,Blanc,"
                29,99 €"
223,1152979003,FEMME,Robe,Beige clair/fleuri,"
                49,99 €"
224,1156866002,FEMME,Blouse,Marron clair,"
                24,99 €"
225,1142428004,FEMME,Sandales,Noir,"
                34,99 €"
226,1038494004,FEMME,Legging,Turquoise foncé/motif,"
                19,99 €"
227,1129084006,FEMME,Jupe,Bleu clair/fleuri,"
                19,99 €"
228,1153934001,FEMME,Jupe,Noir,"
                39,99 €"
229,1129084005,FEMME,Jupe,Crème/motif marron,"
                19,99 €"
230,1189391001,FEMME,Chemise,Gris-bleu,"
                59,99 €"
231,1170527001,FEMME,Robe,Noir,"
                34,99 €"
232,1164047001,FEMME,Short,Light beige,"
                17,99 €"
233,1154185002,FEMME,Caraco,Jaune clair,"
                19,99 €"
234,1172106001,FEMME,Blazer,Blanc,"
                49,99 €"
235,1174789002,FEMME,Robe,Violet,"
                19,99 €"
236,1136439001,FEMME,Sandales,Blanc,"
                29,99 €"
237,1161980002,FEMME,Crop,Rouge,"
                14,99 €"
238,1170241001,FEMME,Longue,Beige clair/fleuri,"
                39,99 €"
239,1175987001,FEMME,Robe,Rouge foncé,"
                29,99 €"
240,1039132008,FEMME,Short,Bleu,"
                19,99 €"
241,1156708002,FEMME,Soutien-gorge,Rose,"
                19,99 €"
242,1033497008,FEMME,Blouse,Bleu vif/motif,"
                12,99 €"
243,1173320002,FEMME,Chemise,Beige clair,"
                29,99 €"
244,1166875007,FEMME,Robe,Blanc,"
                19,99 €"
245,1158560001,FEMME,Robe,Vert/motif peau de serpent,"
                59,99 €"
246,1130072003,FEMME,Top,Vert menthe,"
                14,99 €"
247,0928457028,FEMME,Bas,Noir,"
                14,99 €"
248,1160901001,FEMME,Sandales,Blanc/rayé,"
                34,99 €"
249,1150326001,FEMME,Soutien-gorge,Beige clair,"
                24,99 €"
250,1132611005,FEMME,Sandales,Rose,"
                22,99 €"
251,1150604002,FEMME,Chemise,Rose clair/rayé,"
                24,99 €"
252,1142424002,FEMME,Espadrilles,Doré,"
                24,99 €"
253,1123078002,FEMME,Soutien-gorge,Beige,"
                19,99 €"
254,1122102004,FEMME,Chemise,Rouge rouille,"
                24,99 €"
255,1161939001,FEMME,Robe,Vert/motif,"
                49,99 €"
256,1158192001,FEMME,Combi-pantalon,Noir/rayé,"
                49,99 €"
257,1139036006,FEMME,Robe,Noir,"
                24,99 €"
258,1135874004,FEMME,Robe,Crème/motif noir,"
                19,99 €"
259,1061711008,FEMME,Jupe,Beige,"
                34,99 €"
260,1136918001,FEMME,Soutien-gorge,Noir,"
                14,99 €"
261,1156066003,FEMME,Robe,Rouge,"
                34,99 €"
262,1159754002,FEMME,Pantalon,Rouge,"
                29,99 €"
263,1152719002,FEMME,Robe,Noir,"
                34,99 €"
264,0919129017,FEMME,Maillot,Rouge vif,"
                29,99 €"
265,1164061003,FEMME,Top,Rouge,"
                19,99 €"
266,1159496002,FEMME,Blouse,Bleu clair,"
                19,99 €"
267,1078982004,FEMME,Robe,Blanc/fleuri,"
                29,99 €"
268,1159494002,FEMME,Blouse,Bleu marine,"
                19,99 €"
269,1157526002,FEMME,T-shirt,Rouge vif,"
                19,99 €"
270,1163144001,FEMME,Robe,Noir,"
                19,99 €"
271,1171571001,FEMME,Pantalon,Noir,"
                17,99 €"
272,1145276004,FEMME,Pantalon,Fuchsia,"
                24,99 €"
273,1191124001,FEMME,Pantalon,Noir/motif,"
                39,99 €"
274,1163696001,FEMME,Chemise,Rose cerise/fleuri,"
                24,99 €"
275,1134781004,FEMME,Chemise,Bleu clair/rayé,"
                14,99 €"
276,0971104022,FEMME,Pantalon,Vert kaki clair,"
                17,99 €"
277,1157433005,FEMME,Jupe-culotte,Bleu marine,"
                29,99 €"
278,1069416009,FEMME,Slim,Blanc,"
                39,99 €"
279,1172513004,FEMME,Robe,Beige clair/fleuri,"
                29,99 €"
280,1051634008,FEMME,Haut,Rose,"
                19,99 €"
281,1072374006,FEMME,Body,Rouge brique,"
                9,99 €"
282,1155258002,FEMME,Pantalon,Beige clair/motif feuilles,"
                24,99 €"
283,1168432002,FEMME,Chemise,Bright orange,"
                24,99 €"
284,1154595006,FEMME,Sandales,Argenté,"
                22,99 €"
285,1153284002,FEMME,Top,Crème/rose/fleuri,"
                14,99 €"
286,1157433004,FEMME,Jupe-culotte,Beige,"
                29,99 €"
287,1147610003,FEMME,Short,Noir/délavé,"
                24,99 €"
288,1123621003,FEMME,Crop,Grège clair,"
                9,99 €"
289,1188993001,FEMME,Pantalon,Gris-bleu,"
                49,99 €"
290,1151420003,FEMME,Claquettes,Jaune/motif,"
                15,99 €"
291,0919205011,FEMME,Maillot,Blanc/rayé,"
                29,99 €"
292,1041723005,FEMME,Maillot,Vert kaki,"
                24,99 €"
293,1144763006,FEMME,Robe,Rose,"
                9,99 €"
294,1140377004,FEMME,Haut,Beige/motif léopard,"
                19,99 €"
295,1167667003,FEMME,Pantalon,Vert,"
                34,99 €"
296,1144208007,FEMME,Short,Gris foncé,"
                24,99 €"
297,1150817001,FEMME,Maillot,Noir,"
                34,99 €"
298,1140325002,FEMME,Jupe,Noir,"
                14,99 €"
299,1164493001,FEMME,Short,Crème,"
                19,99 €"
300,1192309001,FEMME,Chemise,Bleu marine/coquillages,"
                49,99 €"
301,1191113001,FEMME,Robe,Vert/motif,"
                39,99 €"
302,1145276003,FEMME,Pantalon,Blanc,"
                24,99 €"
303,1147246003,FEMME,Robe,Noir/fleuri,"
                19,99 €"
304,1150326002,FEMME,Soutien-gorge,Noir,"
                24,99 €"
305,1128669012,FEMME,Blazer,Jaune,"
                34,99 €"
306,1159230002,FEMME,H&M+,Gris foncé,"
                14,99 €"
307,1169530004,FEMME,Robe,Beige/motif peau de serpent,"
                29,99 €"
308,1128595003,FEMME,Short,Gris clair chiné,"
                9,99 €"
309,1130012002,FEMME,Robe,Bleu marine,"
                29,99 €"
310,1169074001,FEMME,Robe,Bleu vif/motif,"
                24,99 €"
311,1159123002,FEMME,Robe,Bleu,"
                49,99 €"
312,0932278016,FEMME,Chemise,Bleu clair/blanc,"
                19,99 €"
313,1136227004,FEMME,Salopette,Blanc,"
                34,99 €"
314,1142439001,FEMME,Maillot,Marron,"
                34,99 €"
315,1153563001,FEMME,Sneakers,Blanc,"
                24,99 €"
316,1162567001,FEMME,Robe,Violet,"
                29,99 €"
317,1161508001,FEMME,Débardeur,Beige clair,"
                14,99 €"
318,1133227005,FEMME,Cuissard,Rose,"
                14,99 €"
319,1164793002,FEMME,Body-string,Noir,"
                12,99 €"
320,1148100001,FEMME,Short,Noir,"
                17,99 €"
321,1139284002,FEMME,V-neck,Noir/petites fleurs,"
                22,99 €"
322,1164406004,FEMME,Blazer,Bleu clair,"
                49,99 €"
323,1145757001,FEMME,Maillot,Noir,"
                34,99 €"
324,0762470308,FEMME,T-shirt,Gris foncé/Nirvana,"
                12,99 €"
325,0928322117,FEMME,Bas,Bleu foncé,"
                9,99 €"
326,1143660002,FEMME,Haut,Noir,"
                19,99 €"
327,1138771005,FEMME,H&M+,Beige clair,"
                9,99 €"
328,0778062015,FEMME,Short,Grège clair,"
                9,99 €"
329,1154667005,FEMME,Robe,Rose cerise,"
                14,99 €"
330,1156866003,FEMME,Blouse,Noir,"
                24,99 €"
331,1158432002,FEMME,Pantalon,Presque noir,"
                129,00 €"
332,1158698002,FEMME,Robe,Rouge,"
                19,99 €"
333,1061300010,FEMME,Lot,Beige foncé,"
                19,99 €"
334,1143741001,FEMME,Haut,Noir,"
                19,99 €"
335,1162163002,FEMME,Robe,Vert/fleuri,"
                39,99 €"
336,1121065004,FEMME,Débardeur,Bleu foncé/rayé,"
                12,99 €"
337,1172532001,FEMME,Robe,Turquoise,"
                69,99 €"
338,0979237022,FEMME,T-shirt,Bleu marine/rayures blanches,"
                9,99 €"
339,1158207001,FEMME,Minijupe,Noir,"
                19,99 €"
340,1158817002,FEMME,Short,Bleu denim,"
                24,99 €"
341,1180209002,FEMME,Robe,Noir,"
                54,99 €"
342,1158917001,FEMME,Robe,Beige,"
                24,99 €"
343,0954891025,FEMME,Pantalon,Rose,"
                34,99 €"
344,1136819001,FEMME,Sandales,Beige,"
                29,99 €"
345,1161779013,FEMME,Foulard,Bleu/motif,"
                9,99 €"
346,1143472001,FEMME,Combi-pantalon,Rouge,"
                39,99 €"
347,1156099002,FEMME,Sandales,Beige/vieux rose,"
                49,99 €"
348,1145337003,FEMME,Pantalon,Rose clair,"
                29,99 €"
349,1180939001,FEMME,Caraco,Noir,"
                24,99 €"
350,1131902001,FEMME,Blouse,Blanc,"
                19,99 €"
351,1164422004,FEMME,Pantalon,Jaune clair,"
                39,99 €"
352,1137680002,FEMME,Short,Beige clair,"
                15,99 €"
353,1136436011,FEMME,Débardeur,Blanc/rayures noires,"
                9,99 €"
354,1142424001,FEMME,Espadrilles,Beige clair,"
                24,99 €"
355,1137490002,FEMME,Robe,Rose cerise,"
                29,99 €"
356,0559616034,FEMME,Haut,Orange,"
                14,99 €"
357,1137030003,FEMME,Sandales,Vert/motif peau de serpent,"
                15,99 €"
358,1145749001,FEMME,Bas,Beige clair/motif léopard,"
                12,99 €"
359,1156774001,FEMME,Soutien-gorge,Blanc,"
                19,99 €"
360,1162183003,FEMME,Robe,Bleu clair,"
                29,99 €"
361,1050247006,FEMME,Maillot,Rose,"
                29,99 €"
362,1096331003,FEMME,Lot,Vert clair/gris clair,"
                19,99 €"
363,1141121006,FEMME,Soutien-gorge,Blanc,"
                12,99 €"
364,1173693001,FEMME,Robe,Noir,"
                59,99 €"
365,1061299018,FEMME,T-shirt,Beige/Athletica,"
                19,99 €"
366,1177061005,FEMME,Top,Orange vif,"
                7,99 €"
367,1156782002,FEMME,Robe,Crème/motif léopard,"
                39,99 €"
368,1162087001,FEMME,Broderie,Blanc/vert,"
                19,99 €"
369,1164669003,FEMME,Robe,Blanc,"
                39,99 €"
370,1176740005,FEMME,Robe,Jaune clair/fleuri,"
                24,99 €"
371,1196462001,FEMME,Soutien-gorge,Noir,"
                19,99 €"
372,1159101001,FEMME,Robe,Turquoise,"
                29,99 €"
373,1145299002,FEMME,Robe,Vert,"
                29,99 €"
374,1166178004,FEMME,Caraco,Crème/motif,"
                19,99 €"
375,1163972004,FEMME,Jupe,Black,"
                29,99 €"
376,1132850002,FEMME,Robe,Vert ancien/rayé,"
                89,99 €"
377,1059293011,FEMME,Haut,Blanc/rayures noires,"
                14,99 €"
378,1146515004,FEMME,Sandales,Beige foncé,"
                29,99 €"
379,1122105008,FEMME,Chemise,Bleu,"
                29,99 €"
380,1166875004,FEMME,Robe,Noir,"
                19,99 €"
381,1153251001,FEMME,Top,Bleu denim clair,"
                24,99 €"
382,1135925001,FEMME,Robe,Noir,"
                24,99 €"
383,1155580005,FEMME,Pantalon,Crème,"
                29,99 €"
384,1154185003,FEMME,Caraco,Beige clair,"
                19,99 €"
385,1161742002,FEMME,Blouse,Beige clair/motif zébré,"
                19,99 €"
386,0967097014,FEMME,Haut,Noir,"
                14,99 €"
387,1183077001,FEMME,Blazer,Gris-bleu,"
                89,99 €"
388,1145298001,FEMME,Pantalon,Noir,"
                29,99 €"
389,1015780031,FEMME,T-shirt,Noir/Mercredi,"
                14,99 €"
390,0776746037,FEMME,T-shirt,Vert ancien,"
                29,99 €"
391,1142153003,FEMME,Top,Cerise,"
                24,99 €"
392,1126349004,FEMME,Lot,Marron foncé/blanc,"
                14,99 €"
393,1129527010,FEMME,T-shirt,Vert/Mickey,"
                14,99 €"
394,1110136005,FEMME,Bermuda,Bleu denim pâle,"
                29,99 €"
395,1130118006,FEMME,Robe,Beige clair/motif léopard,"
                29,99 €"
396,1094168009,FEMME,Lot,Blanc/fraises,"
                12,99 €"
397,1065424008,FEMME,Blouse,Blanc,"
                19,99 €"
398,1198504001,FEMME,Robe,Marron clair/batik,"
                39,99 €"
399,1161742001,FEMME,Blouse,Crème,"
                19,99 €"
400,1176818001,FEMME,Robe,Beige clair,"
                39,99 €"
401,1076480005,FEMME,Soutien-gorge,Blanc,"
                9,99 €"
402,1143666002,FEMME,Maillot,Jaune,"
                29,99 €"
403,0943764012,FEMME,Soutien-gorge,Beige foncé,"
                19,99 €"
404,1143670002,FEMME,Haut,Noir,"
                19,99 €"
405,1157808002,FEMME,Body,Beige,"
                19,99 €"
406,1153087001,FEMME,Sandales,Noir/motif,"
                22,99 €"
407,1139237002,FEMME,Maillot,Vert kaki foncé,"
                29,99 €"
408,1039132009,FEMME,Short,Rouge,"
                19,99 €"
409,1155189002,FEMME,Robe,Blanc,"
                39,99 €"
410,1164095002,FEMME,Short,Noir,"
                59,99 €"
411,1143660001,FEMME,Haut,Corail,"
                19,99 €"
412,1139240002,FEMME,Haut,Vert kaki foncé,"
                19,99 €"
413,1164882002,FEMME,Top,Noir,"
                14,99 €"
414,0762470314,FEMME,T-shirt,Crème/Nirvana,"
                12,99 €"
415,0929321031,FEMME,Haut,Rouge vif,"
                14,99 €"
416,1049251016,FEMME,Débardeur,Jaune,"
                4,99 €"
417,1130072004,FEMME,Top,Cream/Black striped,"
                14,99 €"
418,1146387001,FEMME,Top,Noir/blanc,"
                19,99 €"
419,1164574001,FEMME,Robe,Noir,"
                39,99 €"
420,1167701004,FEMME,Jupe,Vert,"
                34,99 €"
421,1137680003,FEMME,Short,Noir,"
                15,99 €"
422,0776746036,FEMME,T-shirt,Rouge,"
                29,99 €"
423,1164189002,FEMME,Pantalon,Blanc,"
                79,99 €"
424,1123625006,FEMME,T-shirt,Rose,"
                14,99 €"
425,1164466001,FEMME,Jupe,Noir,"
                29,99 €"
426,1146865004,FEMME,Chaussures,Noir,"
                9,99 €"
427,1156069004,FEMME,Robe,Noir,"
                34,99 €"
428,1158470003,FEMME,Pantalon,Marron foncé/motif zébré,"
                17,99 €"
429,1076480006,FEMME,Soutien-gorge,Bleu clair,"
                9,99 €"
430,1157808001,FEMME,Body,Noir,"
                19,99 €"
431,1162120001,FEMME,Robe,Orange,"
                34,99 €"
432,1156720004,FEMME,Top,Vert,"
                19,99 €"
433,1131593004,FEMME,Débardeur,Beige chiné,"
                14,99 €"
434,1140021004,FEMME,T-shirt,Abricot/Mickey,"
                19,99 €"
435,1175999001,FEMME,Draped,Noir,"
                39,99 €"
436,1163470002,FEMME,Robe,Noir,"
                139,00 €"
437,1156771002,FEMME,Lot,Rose,"
                14,99 €"
438,1171752003,FEMME,Débardeur,Noir,"
                24,99 €"
439,1129988003,FEMME,Pantalon,Vert foncé,"
                24,99 €"
440,1030655006,FEMME,Short,Beige,"
                9,99 €"
441,1159008002,FEMME,Robe,Cream,"
                29,99 €"
442,1196462002,FEMME,Soutien-gorge,Beige,"
                19,99 €"
443,1153656005,FEMME,Top,Bleu clair,"
                5,99 €"
444,1145738002,FEMME,Haut,Orange,"
                19,99 €"
445,1164406003,FEMME,Blazer,Noir,"
                49,99 €"
446,1147832001,FEMME,Top,Noir,"
                12,99 €"
447,1129986002,FEMME,Legging,Blanc,"
                24,99 €"
448,0943764013,FEMME,Soutien-gorge,White,"
                19,99 €"
449,1128588004,FEMME,Robe,Rouge,"
                17,99 €"
450,1139778003,FEMME,Short,Presque noir,"
                19,99 €"
451,1123777003,FEMME,Chemise,Noir,"
                59,99 €"
452,1002471040,FEMME,T-shirt,Rose clair/Metallica,"
                19,99 €"
453,1141200004,FEMME,Lot,Noir/beige/gris,"
                19,99 €"
454,1191105001,FEMME,Robe,Orange,"
                39,99 €"
455,1115592013,FEMME,Bas,Blanc/rayures noires,"
                9,99 €"
456,1154467001,FEMME,Robe,Noir,"
                9,99 €"
457,0928322111,FEMME,Bas,Orange,"
                9,99 €"
458,1030655009,FEMME,Short,Bleu canard,"
                9,99 €"
459,1164762003,FEMME,Jupe,Bleu,"
                14,99 €"
460,1151507002,FEMME,Sandales,Beige,"
                29,99 €"
461,1156793004,FEMME,Robe,Noir/jaune/fleuri,"
                49,99 €"
462,1058346007,FEMME,Short,Rouge foncé,"
                24,99 €"
463,1164882001,FEMME,Top,Blanc,"
                14,99 €"
464,1158927002,FEMME,Long-sleeved,Marron foncé,"
                24,99 €"
465,1140325003,FEMME,Jupe,Noir/rayé,"
                14,99 €"
466,1174789001,FEMME,Robe,Noir,"
                19,99 €"
467,1136437006,FEMME,T-shirt,Blanc/Surfin' Waves,"
                14,99 €"
468,1154509003,FEMME,Short,Beige clair,"
                7,99 €"
469,1160003001,FEMME,Crop,Noir,"
                19,99 €"
470,1170059002,FEMME,Débardeur,Blanc,"
                4,99 €"
471,1150375001,FEMME,Body,Beige clair,"
                29,99 €"
472,1115620006,FEMME,Brassière,Gris anthracite,"
                17,99 €"
473,1161111001,FEMME,Robe,Crème,"
                49,99 €"
474,1059266006,FEMME,Haut,Beige/motif léopard,"
                19,99 €"
475,1158836001,FEMME,Short,Noir,"
                9,99 €"
476,1143660005,FEMME,Haut,Blanc,"
                19,99 €"
477,1131293003,FEMME,Grand,Bleu/motif,"
                15,99 €"
478,1195782001,FEMME,Robe,Vert,"
                39,99 €"
479,1144001002,FEMME,Padded,Beige,"
                29,99 €"
480,1134175003,FEMME,Sandales,Crème,"
                24,99 €"
481,1164047003,FEMME,Short,Rouge,"
                17,99 €"
482,1183771001,FEMME,Robe,Noir,"
                24,99 €"
483,1144976009,FEMME,Body,Blanc,"
                9,99 €"
484,1184791003,FEMME,Chemise,Rose clair,"
                39,99 €"
485,0928322110,FEMME,Bas,Orange,"
                9,99 €"
486,1173103002,FEMME,Robe,Bleu/motif,"
                19,99 €"
487,1158927001,FEMME,Long-sleeved,Crème,"
                24,99 €"
488,1121065012,FEMME,Débardeur,Rouge vif,"
                12,99 €"
489,1143719001,FEMME,Robe,Beige clair,"
                29,99 €"
490,0776746035,FEMME,T-shirt,Beige clair,"
                29,99 €"
491,1160495002,FEMME,Top,Noir,"
                9,99 €"
492,1129032003,FEMME,Blouse,Crème/fleuri,"
                19,99 €"
493,1122069003,FEMME,Top,Bleu/rayé,"
                9,99 €"
494,1182180002,FEMME,Robe,Jaune clair,"
                39,99 €"
495,1139237001,FEMME,Maillot,Noir,"
                29,99 €"
496,1139241002,FEMME,Bas,Vert kaki foncé,"
                14,99 €"
497,1198400001,FEMME,Jupe,Orange/motif,"
                24,99 €"
498,1175980001,FEMME,Robe,Blanc,"
                129,00 €"
499,1167592001,FEMME,Short,Crème,"
                29,99 €"
500,1168890001,FEMME,H&M+,Blanc/fleuri,"
                19,99 €"
501,1135356004,FEMME,Top,Rouge,"
                4,99 €"
502,1155896002,FEMME,Flared,Bleu denim clair,"
                29,99 €"
503,1171004003,FEMME,Débardeur,Blanc/rayures rouges,"
                9,99 €"
504,1182169002,FEMME,Robe,Light turquoise,"
                49,99 €"
505,1144763003,FEMME,Robe,Beige,"
                9,99 €"
506,1161640001,FEMME,Robe,Noir,"
                34,99 €"
507,1114608006,FEMME,Haut,Turquoise,"
                19,99 €"
508,1139739003,FEMME,Jupe,Beige clair,"
                24,99 €"
509,0937413014,FEMME,Lot,Turquoise clair/vert kaki,"
                14,99 €"
510,1110152002,FEMME,H&M+,Bleu denim clair,"
                29,99 €"
511,1144751001,FEMME,Robe,Noir,"
                29,99 €"
512,1145855003,FEMME,Bas,Corail,"
                14,99 €"
513,1136382002,FEMME,Escarpins,Orange,"
                32,99 €"
514,1134472002,FEMME,Espadrilles,Rose vif,"
                15,99 €"
515,1128579004,FEMME,Legging,Gris clair,"
                14,99 €"
516,1161121001,FEMME,Sandales,Noir,"
                32,99 €"
517,1123078006,FEMME,Soutien-gorge,Blanc,"
                19,99 €"
518,1132163001,FEMME,Chapeau,Beige/blanc,"
                17,99 €"
519,1156896001,FEMME,Soutien-gorge,Blanc,"
                19,99 €"
520,1137030001,FEMME,Sandales,Grège/motif peau de serpent,"
                15,99 €"
521,1161508003,FEMME,Débardeur,Turquoise clair,"
                14,99 €"
522,1147449006,FEMME,Short,Noir,"
                19,99 €"
523,1150835001,FEMME,Haut,Blanc/noir,"
                19,99 €"
524,1135364012,FEMME,Débardeur,Violet clair,"
                5,99 €"
525,1161644001,FEMME,Crop,Orange,"
                24,99 €"
526,1173670002,FEMME,Robe,Black,"
                54,99 €"
527,1084218009,FEMME,Lot,Blanc/fraises,"
                14,99 €"
528,1173451003,FEMME,Jupe,Dark beige,"
                19,99 €"
529,1060964004,FEMME,Bermuda,Bleu denim,"
                29,99 €"
530,1157805002,FEMME,Draped,Bleu clair,"
                39,99 €"
531,1084229012,FEMME,Lot,Bleu clair/rose clair,"
                14,99 €"
532,1161951002,FEMME,Linen-blend,Rose cerise,"
                14,99 €"
533,1153290001,FEMME,Top,Vert/fleuri,"
                19,99 €"
534,1070832006,FEMME,Espadrilles,Noir/motif,"
                29,99 €"
535,1153745001,FEMME,Sandales,Marron/noir,"
                44,99 €"
536,1147832003,FEMME,Top,Light blue,"
                12,99 €"
537,1173432001,FEMME,Blouse,Vert/rayé,"
                29,99 €"
538,1130118003,FEMME,Robe,Turquoise foncé,"
                29,99 €"
539,1135085004,FEMME,Top,Jaune,"
                14,99 €"
540,1114253007,FEMME,Jupe,Vert,"
                12,99 €"
541,1158221002,FEMME,Lace,Vert menthe,"
                34,99 €"
542,1140325001,FEMME,Jupe,Corail flamboyant,"
                14,99 €"
543,1089883003,FEMME,Top,Rouge,"
                19,99 €"
544,1185691004,FEMME,Robe,Bleu foncé/motif,"
                24,99 €"
545,1138833005,FEMME,Lot,Bleu foncé/rayé,"
                14,99 €"
546,1134783008,FEMME,Chemise,Marron foncé/motif zébré,"
                19,99 €"
547,1194781001,FEMME,Robe,Beige clair,"
                59,99 €"
548,1026876009,FEMME,H&M+,Noir,"
                24,99 €"
549,1141089001,FEMME,Claquettes,Grège clair,"
                27,99 €"
550,1130461006,FEMME,Débardeur,Orange,"
                17,99 €"
551,1075646028,FEMME,Lot,Noir/blanc/beige,"
                19,99 €"
552,1072374007,FEMME,Body,Jaune,"
                9,99 €"
553,1145833001,FEMME,Bas,Noir,"
                12,99 €"
554,1116753007,FEMME,Soutien-gorge,Bleu canard,"
                17,99 €"
555,1162521001,FEMME,Chemise,Noir,"
                24,99 €"
556,1143649005,FEMME,Haut,Vert lime,"
                19,99 €"
557,1169571001,FEMME,Pantalon,Khaki green,"
                34,99 €"
558,1146395001,FEMME,Haut,Noir,"
                9,99 €"
559,1155748005,FEMME,Short,Noir,"
                29,99 €"
560,1150536006,FEMME,Short,Noir,"
                15,99 €"
561,0778062016,FEMME,Short,Vert kaki clair,"
                9,99 €"
562,1168764001,FEMME,Tennis,Blanc,"
                24,99 €"
563,1156872001,FEMME,Blouse,Blanc,"
                24,99 €"
564,1153095001,FEMME,Robe,Jaune foncé,"
                69,99 €"
565,1163965001,FEMME,Robe,Jaune,"
                19,99 €"
566,0980930031,FEMME,Crop,Bleu clair,"
                7,99 €"
567,0773757020,FEMME,Top,Vert ancien,"
                59,99 €"
568,1134790001,FEMME,Chemise,Bleu clair/rayures tennis,"
                29,99 €"
569,1149170001,FEMME,Pantalon,Noir,"
                29,99 €"
570,1127521006,FEMME,Soutien-gorge,Rose poudré,"
                19,99 €"
571,1165281001,FEMME,Robe,Jaune clair,"
                34,99 €"
572,1157805001,FEMME,Draped,Noir/jaune/fleuri,"
                39,99 €"
573,1180245001,FEMME,Robe,Violet foncé/motif zébré,"
                79,99 €"
574,1153415002,FEMME,Minijupe,Bleu denim,"
                24,99 €"
575,1172365001,FEMME,Blouse,Jaune clair/fleuri,"
                24,99 €"
576,1148345002,FEMME,Short,Vert kaki clair,"
                24,99 €"
577,1076480007,FEMME,Soutien-gorge,Jaune,"
                9,99 €"
578,1166236001,FEMME,Top,Marron/motif peau de serpent,"
                39,99 €"
579,1132169004,FEMME,Bob,Beige,"
                14,99 €"
580,1155960001,FEMME,Polo,Noir,"
                19,99 €"
581,1131782003,FEMME,Débardeur,Blanc/rayé,"
                7,99 €"
582,1148345005,FEMME,Short,Noir,"
                24,99 €"
583,1118725003,FEMME,Foulard,Beige clair/motif léopard,"
                9,99 €"
584,1158879001,FEMME,Minijupe,Noir,"
                19,99 €"
585,1178222001,FEMME,Pantalon,Vert kaki clair,"
                34,99 €"
586,1148172004,FEMME,H&M+,Rouge,"
                19,99 €"
587,1176882001,FEMME,Débardeur,Brown,"
                29,99 €"
588,1131782004,FEMME,Débardeur,Gris clair chiné/Long Beach,"
                7,99 €"
589,1154553001,FEMME,H&M+,Rose cerise,"
                29,99 €"
590,1167406004,FEMME,Short,Rose,"
                19,99 €"
591,1161640002,FEMME,Robe,Beige clair,"
                34,99 €"
592,1095050009,FEMME,Soutien-gorge,Marron clair,"
                9,99 €"
593,1090691008,FEMME,Robe,Blanc/Bob Marley,"
                19,99 €"
594,1050430004,FEMME,Chapeau,Beige,"
                12,99 €"
595,1157711001,FEMME,H&M+,Blanc,"
                24,99 €"
596,1171004002,FEMME,Débardeur,Blanc/coquillage,"
                9,99 €"
597,1147831004,FEMME,Short,Blanc,"
                24,99 €"
598,1133236003,FEMME,Cuissard,Bleu canard,"
                19,99 €"
599,1158470002,FEMME,Pantalon,Beige,"
                17,99 €"
600,1134497005,FEMME,Lot,Noir/beige clair/blanc,"
                14,99 €"
601,1030655007,FEMME,Short,Violet foncé,"
                9,99 €"
602,1159867002,FEMME,Soutien-gorge,Blanc,"
                22,99 €"
603,1031819016,FEMME,Chapeau,Blanc,"
                14,99 €"
604,1161779014,FEMME,Foulard,Blanc/fleuri,"
                9,99 €"
605,1159494003,FEMME,Blouse,Vert clair,"
                19,99 €"
606,1124757010,FEMME,Brassière,Vert lime,"
                19,99 €"
607,1039132010,FEMME,Short,Marron clair,"
                19,99 €"
608,1132688004,FEMME,Jupe,Blanc,"
                27,99 €"
609,1167511001,FEMME,Blouse,Rouge,"
                39,99 €"
610,1152011006,FEMME,Jupe,Vert/bleu/fleuri,"
                9,99 €"
611,1152011002,FEMME,Jupe,Bleu clair/fleuri,"
                9,99 €"
612,1110140004,FEMME,Short,Noir,"
                19,99 €"
613,1191556001,FEMME,Jupe,Noir,"
                39,99 €"
614,1147211003,FEMME,Robe,Blanc/fleuri,"
                29,99 €"
615,1033197019,FEMME,Robe,Gris chiné,"
                12,99 €"
616,1132850001,FEMME,Robe,Jaune pâle/rayé,"
                89,99 €"
617,1180352001,FEMME,Caraco,Gris-bleu,"
                29,99 €"
618,1121055013,FEMME,Top,Rouge/rayures blanches,"
                14,99 €"
619,1134305003,FEMME,Pantalon,Beige clair,"
                32,99 €"
620,0875635036,FEMME,Lot,Violet clair/bleu clair,"
                14,99 €"
621,1150850001,FEMME,Bas,Noir,"
                9,99 €"
622,1121065011,FEMME,Débardeur,Rose,"
                12,99 €"
623,1153520002,FEMME,Blouse,Crème,"
                19,99 €"
624,1176024001,FEMME,H&M+,Bleu clair,"
                24,99 €"
625,1150536001,FEMME,Short,Grège,"
                15,99 €"
626,1180370001,FEMME,Robe,Noir,"
                32,99 €"
627,1047224014,FEMME,Short,Blanc,"
                9,99 €"
628,1144324001,FEMME,H&M+,Bleu denim clair,"
                22,99 €"
629,1154502001,FEMME,Short,Noir,"
                12,99 €"
630,1063184005,FEMME,Chemise,Jaune pâle/rayé,"
                69,99 €"
631,1156755003,FEMME,Robe,Black,"
                29,99 €"
632,1133227006,FEMME,Cuissard,Violet foncé/motif,"
                14,99 €"
633,1108549007,FEMME,Robe,Vert kaki foncé,"
                19,99 €"
634,1131785006,FEMME,Débardeur,Light pink,"
                9,99 €"
635,1175847002,FEMME,Robe,Noir,"
                29,99 €"
636,1139185003,FEMME,Top,Noir,"
                14,99 €"
637,1176200001,FEMME,Robe,Gris foncé,"
                34,99 €"
638,0934966025,FEMME,Skinny,Bleu denim pâle,"
                24,99 €"
639,1160003003,FEMME,Crop,Jaune,"
                19,99 €"
640,1142441001,FEMME,Haut,Black,"
                19,99 €"
641,1146387002,FEMME,Top,Rose/orange/blanc,"
                19,99 €"
642,1158704001,FEMME,H&M+,Noir,"
                9,99 €"
643,1157866001,FEMME,Short,Bleu denim,"
                24,99 €"
644,1151390002,FEMME,Claquettes,Noir/motif,"
                49,99 €"
645,1047114021,FEMME,Pantalon,Rouge/Authentic Lifestyle,"
                14,99 €"
646,1142442001,FEMME,Bas,Noir,"
                14,99 €"
647,1176883001,FEMME,Jupe,Brown,"
                39,99 €"
648,1155498001,FEMME,Soutien-gorge,White,"
                19,99 €"
649,1196966002,FEMME,Débardeur,Beige,"
                19,99 €"
650,1148345001,FEMME,Short,Beige clair,"
                24,99 €"
651,1152719003,FEMME,Robe,Jaune,"
                34,99 €"
652,1156355001,FEMME,Loose-knit,Black,"
                149,00 €"
653,0559630046,FEMME,Haut,Rouge/motif,"
                14,99 €"
654,1152721005,FEMME,Robe,Gris foncé/motif zébré,"
                29,99 €"
655,1153252001,FEMME,Short,Bleu denim clair,"
                34,99 €"
656,1155748004,FEMME,Short,Bleu denim clair,"
                29,99 €"
657,1151442002,FEMME,Sandales,Noir,"
                39,99 €"
658,1134273003,FEMME,Espadrilles,Rouge/rayé,"
                29,99 €"
659,1161579002,FEMME,Robe,Rose/fleuri,"
                29,99 €"
660,1117958004,FEMME,Soutien-gorge,Blanc,"
                19,99 €"
661,1160495003,FEMME,Top,Corail flamboyant,"
                9,99 €"
662,1166175001,FEMME,Blouse,Blanc,"
                29,99 €"
663,1074595021,FEMME,T-shirt,Gris foncé,"
                7,99 €"
664,1196874002,FEMME,Robe,Noir,"
                49,99 €"
665,1171670004,FEMME,Jupe,Rouge,"
                14,99 €"
666,1182125002,FEMME,Mini,Noir,"
                29,99 €"
667,1178194001,FEMME,Foulard/bandeau,Violet clair/motif,"
                9,99 €"
668,1167916002,FEMME,Lot,Bleu clair/beige/blanc,"
                19,99 €"
669,1159867003,FEMME,Soutien-gorge,Rose clair,"
                22,99 €"
670,1048956010,FEMME,Short,Noir,"
                24,99 €"
671,1154502002,FEMME,Short,Gris clair chiné,"
                12,99 €"
672,1191111001,FEMME,Pointelle-knit,Violet foncé,"
                29,99 €"
673,1158611002,FEMME,Soutien-gorge,Bleu canard,"
                14,99 €"
674,1158839005,FEMME,Top,Crème/pois,"
                29,99 €"
675,1157410003,FEMME,Top,Violet foncé,"
                19,99 €"
676,1110715008,FEMME,Soutien-gorge,Jaune,"
                19,99 €"
677,1145190002,FEMME,Robe,Beige clair,"
                79,99 €"
678,1137524003,FEMME,Legging,Noir,"
                29,99 €"
679,1161639003,FEMME,Robe,Bleu,"
                34,99 €"
680,1183679002,FEMME,T-shirt,Abricot/Keep on Smiling,"
                19,99 €"
681,1138080001,FEMME,Legging,Noir/motif croco,"
                19,99 €"
682,1123007011,FEMME,Crop,Noir/surfeur,"
                4,99 €"
683,1191106001,FEMME,Top,Violet foncé,"
                19,99 €"
684,1157505002,FEMME,Short,Noir,"
                14,99 €"
685,1154969001,FEMME,Haut,Noir,"
                9,99 €"
686,1158611005,FEMME,Soutien-gorge,Violet,"
                14,99 €"
687,1148345003,FEMME,Short,Bleu denim,"
                24,99 €"
688,1113261008,FEMME,Flared,Bleu denim pâle,"
                39,99 €"
689,1134770005,FEMME,H&M+,Rose,"
                19,99 €"
690,1166236002,FEMME,Top,Noir,"
                39,99 €"
691,0946590015,FEMME,Haut,Jaune,"
                17,99 €"
692,1139714003,FEMME,Jupe,Noir,"
                24,99 €"
693,0568808030,FEMME,Pantalon,Jaune clair,"
                29,99 €"
694,1158988002,FEMME,Short,Marron foncé,"
                24,99 €"
695,1058340011,FEMME,Short,Rouge,"
                17,99 €"
696,1197205001,FEMME,Legging,Noir,"
                39,99 €"
697,1130461004,FEMME,Débardeur,Jaune clair,"
                17,99 €"
698,1095050008,FEMME,Soutien-gorge,Vert lime,"
                9,99 €"
699,1150815001,FEMME,Bas,Rose cerise,"
                12,99 €"
700,0929328085,FEMME,Bas,Turquoise,"
                9,99 €"
701,1089865005,FEMME,Lot,Beige/blanc/bleu clair,"
                19,99 €"
702,1096116008,FEMME,Soutien-gorge,Marron clair,"
                14,99 €"
703,1151510002,FEMME,Sneakers,Beige/motif léopard,"
                14,99 €"
704,1141351003,FEMME,Sandales,Blanc,"
                39,99 €"
705,1159343002,FEMME,Lot,Rose clair/blanc,"
                12,99 €"
706,0928322115,FEMME,Bas,Corail,"
                9,99 €"
707,1148694001,FEMME,Casquette,Noir,"
                14,99 €"
708,1167299002,FEMME,Robe,Noir/motif,"
                34,99 €"
709,1131714001,FEMME,Bob,Beige,"
                17,99 €"
710,1117958003,FEMME,Soutien-gorge,Noir,"
                19,99 €"
711,1134555002,FEMME,Top,Bleu vif,"
                25,99 €"
712,1128496004,FEMME,Débardeur,Bleu clair,"
                7,99 €"
713,1157872002,FEMME,Top,Noir/blanc/fleuri,"
                17,99 €"
714,1169913002,FEMME,T-shirt,Gris clair chiné/California,"
                19,99 €"
715,1051634012,FEMME,Haut,Turquoise clair,"
                19,99 €"
716,0929328082,FEMME,Bas,Violet,"
                9,99 €"
717,1104759009,FEMME,Lot,Vert menthe/rose clair,"
                12,99 €"
718,1134791007,FEMME,Blouse,Vert/bleu/fleuri,"
                17,99 €"
719,1150817002,FEMME,Maillot,Vert fluo,"
                34,99 €"
720,1161536001,FEMME,Lot,Noir/beige,"
                19,99 €"
721,1140226002,FEMME,Robe,Rouge,"
                89,99 €"
722,1170059008,FEMME,Débardeur,Blanc/rayé,"
                4,99 €"
723,1150469006,FEMME,T-shirt,Blanc/rayures noires,"
                7,99 €"
724,1155396002,FEMME,T-shirt,Blanc,"
                5,99 €"
725,1090691009,FEMME,Robe,Gris foncé/The Beach Boys,"
                19,99 €"
726,1149170006,FEMME,Pantalon,Blanc,"
                29,99 €"
727,1158596001,FEMME,Débardeur,Noir,"
                14,99 €"
728,1159243001,FEMME,Wedge-heeled,Beige,"
                69,99 €"
729,1048956007,FEMME,Short,Bleu denim pâle,"
                24,99 €"
730,1170059011,FEMME,Débardeur,Beige foncé,"
                4,99 €"
731,1151964008,FEMME,Bob,Vert clair/fleuri,"
                12,99 €"
732,1145258002,FEMME,Robe,Beige clair,"
                179,00 €"
733,1169063002,FEMME,Top,Noir,"
                17,99 €"
734,1161535001,FEMME,Soutien-gorge,Noir,"
                24,99 €"
735,1182897001,FEMME,Soutien-gorge,Blanc,"
                14,99 €"
736,1022138008,FEMME,Jupe,Noir,"
                17,99 €"
737,1082047009,FEMME,Foulard,Beige/motif léopard,"
                9,99 €"
738,1188391001,FEMME,H&M+,Bleu vif,"
                14,99 €"
739,1115620003,FEMME,Brassière,Violet/motif,"
                17,99 €"
740,1178300002,FEMME,Robe,Noir,"
                49,99 €"
741,1121461002,FEMME,Casquette,Noir,"
                12,99 €"
742,1136317004,FEMME,Tennis,Noir,"
                14,99 €"
743,1155757002,FEMME,Lot,Noir,"
                19,99 €"
744,1159343004,FEMME,Lot,Noir,"
                12,99 €"
745,1146214001,FEMME,Chapeau,Vert vif,"
                22,99 €"
746,1182228001,FEMME,Robe,Lilas,"
                29,99 €"
747,1170074009,FEMME,Robe,Bleu,"
                14,99 €"
748,1128562006,FEMME,Top,Bleu,"
                19,99 €"
749,1171299001,FEMME,Top,Blanc,"
                19,99 €"
750,1129084011,FEMME,Jupe,Beige/motif peau de serpent,"
                19,99 €"
751,1158858001,FEMME,Crop,Noir,"
                14,99 €"
752,1062687017,FEMME,Pull,Violet clair,"
                9,99 €"
753,1189442001,FEMME,Robe,Beige,"
                69,99 €"
754,1158865001,FEMME,Short,Noir,"
                19,99 €"
755,1167573006,FEMME,T-shirt,Lilas,"
                9,99 €"
756,1171004006,FEMME,Débardeur,Vert sauge/rayé,"
                9,99 €"
757,1154801001,FEMME,Robe,Jaune moutarde,"
                34,99 €"
758,1153527004,FEMME,Top,Vert clair/fleuri,"
                12,99 €"
759,1167094004,FEMME,Robe,Marron foncé/motif zébré,"
                24,99 €"
760,1134555001,FEMME,Top,Violet clair,"
                25,99 €"
761,1158865002,FEMME,Short,Bleu canard,"
                19,99 €"
762,1156106002,FEMME,Claquettes,Vert vif,"
                49,99 €"
763,1158611001,FEMME,Soutien-gorge,Noir,"
                14,99 €"
764,1159867004,FEMME,Soutien-gorge,Corail,"
                22,99 €"
765,1152951002,FEMME,Soutien-gorge,Noir,"
                19,99 €"
766,1141676002,FEMME,Lot,Blanc/bleu clair,"
                19,99 €"
767,1136170004,FEMME,Débardeur,Vert lime,"
                14,99 €"
768,1159798001,FEMME,Robe,Violet,"
                39,99 €"
769,1168381001,FEMME,Top,Beige,"
                39,99 €"
770,1139918002,FEMME,Blazer,Blanc,"
                149,00 €"
771,1157860002,FEMME,Robe,Blue,"
                24,99 €"
772,1153255002,FEMME,Pantalon,Rose cerise,"
                29,99 €"
773,1154081001,FEMME,Robe,Bleu clair,"
                29,99 €"
774,1157864001,FEMME,Jupe,Blanc,"
                39,99 €"
775,1151399001,FEMME,Sandales,Noir/carreaux,"
                24,99 €"
776,1062687009,FEMME,Pull,Vert,"
                9,99 €"
777,1130541003,FEMME,Maillot,Turquoise vif,"
                29,99 €"
778,1158879003,FEMME,Minijupe,Orange,"
                19,99 €"
779,0988905013,FEMME,Chapeau,Violet clair,"
                9,99 €"
780,1182125003,FEMME,Mini,Corail,"
                29,99 €"
781,1139185002,FEMME,Top,Rose,"
                14,99 €"
782,1181809002,FEMME,Mini,Fuchsia,"
                24,99 €"
783,1132169003,FEMME,Bob,Blanc,"
                14,99 €"
784,1110891012,FEMME,Jupe,Blanc,"
                19,99 €"
785,1136440001,FEMME,Sandales,Jaune/motif peau de serpent,"
                39,99 €"
786,1169436002,FEMME,Jupe,Vert kaki,"
                24,99 €"
787,1165366002,FEMME,Robe,Beige clair/motif zébré,"
                29,99 €"
788,1159343001,FEMME,Lot,Corail/blanc,"
                12,99 €"
789,1158836002,FEMME,Short,Vert lime,"
                9,99 €"
790,1089883005,FEMME,Top,Bleu canard,"
                19,99 €"
791,1174658002,FEMME,Jupe,Turquoise clair,"
                49,99 €"
792,1153365001,FEMME,Short,Bleu denim,"
                24,99 €"
793,1133354003,FEMME,Sneakers,Beige clair,"
                27,99 €"
794,1158596002,FEMME,Débardeur,Blanc,"
                14,99 €"
795,1121463004,FEMME,Bob,Beige/rayures turquoise,"
                14,99 €"
796,1026876010,FEMME,H&M+,Blanc,"
                24,99 €"
797,1185675001,FEMME,Jupe,Gris foncé,"
                29,99 €"
798,1033491005,FEMME,H&M+,Bleu denim clair,"
                24,99 €"
799,1197695001,FEMME,Top,Crème,"
                19,99 €"
800,1154467002,FEMME,Robe,Vert kaki,"
                9,99 €"
801,1118402003,FEMME,Casquette,Vert foncé,"
                14,99 €"
802,1132169005,FEMME,Bob,Orange,"
                14,99 €"
803,1139239004,FEMME,Débardeur,Rouge/Mickey,"
                15,99 €"
804,1065633004,FEMME,Bas,Turquoise,"
                9,99 €"
805,1033491004,FEMME,H&M+,Noir,"
                24,99 €"
806,1153249001,FEMME,Top,Rose cerise/rose clair,"
                14,99 €"
807,1031819011,FEMME,Chapeau,Rose/fleuri,"
                14,99 €"
808,1137750003,FEMME,Soutien-gorge,Bleu clair,"
                12,99 €"
809,1167573003,FEMME,T-shirt,Beige,"
                9,99 €"
810,1157410002,FEMME,Top,Noir,"
                19,99 €"
811,1132765001,FEMME,Chapeau,Beige,"
                17,99 €"
812,1172301002,FEMME,Débardeur,Beige-vert clair,"
                49,99 €"
813,1163820003,FEMME,H&M+,Rose clair,"
                9,99 €"
814,1194785001,FEMME,Top,Noir,"
                29,99 €"
815,1056181017,FEMME,Casquette,Bleu marine/St. Tropez,"
                9,99 €"
816,1144795005,FEMME,Combi-short,Noir,"
                19,99 €"
817,1148211003,FEMME,H&M+,Blanc,"
                7,99 €"
818,1136171005,FEMME,Top,Vert lime,"
                24,99 €"
819,1153527003,FEMME,Top,Bleu clair/fleuri,"
                12,99 €"
820,1167511002,FEMME,Blouse,Violet clair/fleuri,"
                39,99 €"
821,1163726001,FEMME,H&M+,Blanc/fleuri,"
                9,99 €"
822,1154467003,FEMME,Robe,Rose clair,"
                9,99 €"
823,1128496006,FEMME,Débardeur,Beige clair,"
                7,99 €"
824,1158858002,FEMME,Crop,Violet foncé,"
                14,99 €"
825,1125978004,FEMME,Lot,Jaune,"
                14,99 €"
826,1172004002,FEMME,Robe,Bleu clair,"
                29,99 €"
827,1139411003,FEMME,Soutien-gorge,Blanc,"
                14,99 €"
828,1132163002,FEMME,Chapeau,Beige/fleurs,"
                17,99 €"
829,1031522008,FEMME,Short,Vert kaki clair,"
                12,99 €"
830,1157545001,FEMME,Combinaison,Noir,"
                39,99 €"
831,1158705003,FEMME,H&M+,Gris clair chiné,"
                12,99 €"
832,1197404001,FEMME,Body,Noir,"
                19,99 €"
833,1172857002,FEMME,Pantalon,Beige foncé,"
                24,99 €"
834,1139714001,FEMME,Jupe,Marron foncé/motif zébré,"
                24,99 €"
835,1158827002,FEMME,Cuissard,Marron clair,"
                19,99 €"
836,0818600005,FEMME,Chapeau,Beige/Green,"
                12,99 €"
837,1159867005,FEMME,Soutien-gorge,Bleu,"
                22,99 €"
838,1155396003,FEMME,T-shirt,Rose,"
                5,99 €"
839,1121091005,FEMME,Chapeau,Blanc,"
                9,99 €"
840,0886697019,FEMME,Maillot,Turquoise,"
                29,99 €"
841,1032947032,FEMME,Casquette,Rose clair/Los Angeles,"
                12,99 €"
842,1123007017,FEMME,Crop,Gris clair/Tropical Holiday,"
                4,99 €"
843,1153250001,FEMME,Robe,Rose vif,"
                24,99 €"
844,1137680010,FEMME,Short,Violet clair,"
                15,99 €"
845,1175808002,FEMME,Robe,Noir/fleuri,"
                14,99 €"
846,1149246002,FEMME,Bob,Bleu clair/carreaux,"
                15,99 €"
847,1053399005,FEMME,H&M+,Bleu denim pâle,"
                24,99 €"
848,1147832005,FEMME,Top,Violet clair,"
                12,99 €"
849,1159343006,FEMME,Lot,Bleu/blanc,"
                12,99 €"
850,1056181019,FEMME,Casquette,Blanc/NYC,"
                9,99 €"
851,1196960001,FEMME,Crop,Noir,"
                29,99 €"
852,0985604028,FEMME,Low,Bleu denim pâle,"
                24,99 €"
853,1195832001,FEMME,Robe,Rouge,"
                89,99 €"
854,1160589001,FEMME,Sandales,Violet clair,"
                32,99 €"
855,1156098001,FEMME,Sandales,Noir,"
                59,99 €"
856,1156098002,FEMME,Sandales,Vert,"
                59,99 €"
857,1197387001,FEMME,Robe,Blanc,"
                39,99 €"
858,1172126002,FEMME,Robe,Blanc/fleuri,"
                39,99 €"
859,1110136002,FEMME,Bermuda,Bleu denim,"
                29,99 €"
860,1155996005,FEMME,Jupe,Vert clair,"
                99,00 €"
861,1159380003,FEMME,Jupe,Bleu clair,"
                19,99 €"
862,1158701002,FEMME,Top,Blanc/rayé,"
                19,99 €"
863,1094043006,FEMME,Robe,Rouge brique,"
                29,99 €"
864,1137522004,FEMME,Short,Rose,"
                14,99 €"
865,1192075001,FEMME,Robe,Gris clair/Smiley®,"
                19,99 €"
866,1175630007,FEMME,Robe,Turquoise clair,"
                39,99 €"
867,1137680014,FEMME,Short,Marron foncé/motif zébré,"
                15,99 €"
868,1139520001,FEMME,Pantalon,Beige,"
                29,99 €"
869,1151276001,FEMME,Panty,Beige foncé,"
                12,99 €"
870,1136411001,FEMME,Soutien-gorge,Noir,"
                24,99 €"
871,1149098004,FEMME,Top,Jaune clair,"
                14,99 €"
872,1148592001,FEMME,Blouse,Blanc,"
                22,99 €"
873,1156388001,FEMME,Short,Blanc,"
                22,99 €"
874,1195139001,HOMME,Chemise,Beige/rayures rouges,"
                34,99 €"
875,1152892001,HOMME,Polo,Marron/motif,"
                34,99 €"
876,0965257014,HOMME,Chemise,Marron foncé,"
                24,99 €"
877,1149936003,HOMME,Chemise,Grège clair,"
                29,99 €"
878,1123289005,HOMME,Pantalon,Beige,"
                39,99 €"
879,1127533002,HOMME,Sandales,Beige,"
                39,99 €"
880,1054019008,HOMME,Short,Blanc/rayures beiges,"
                19,99 €"
881,0703672026,HOMME,Chemise,Rouge/motif peau de serpent,"
                24,99 €"
882,1150638007,HOMME,Short,Bordeaux,"
                24,99 €"
883,1065327007,HOMME,Chemise,Bleu/motif feuilles,"
                24,99 €"
884,1158017001,HOMME,Chemise,Crème,"
                24,99 €"
885,1171275001,HOMME,Chemise,Violet foncé,"
                39,99 €"
886,1032522069,HOMME,T-shirt,Vert kaki/Zone of Peace,"
                9,99 €"
887,1032522066,HOMME,T-shirt,Orange/montagne,"
                9,99 €"
888,1071167007,HOMME,T-shirt,Violet/motif batik,"
                14,99 €"
889,1130968002,HOMME,Pantalon,Beige,"
                34,99 €"
890,1097524010,HOMME,T-shirt,Violet/rayé,"
                17,99 €"
891,1071187003,HOMME,Short,Blanc/motif,"
                24,99 €"
892,1171372001,HOMME,Short,Vert sauge clair,"
                29,99 €"
893,1070679011,HOMME,T-shirt,Orange/Mindset,"
                14,99 €"
894,1163146004,HOMME,Chemise,Noir,"
                19,99 €"
895,1163146006,HOMME,Chemise,Bleu clair/carreaux blancs,"
                19,99 €"
896,1173377001,HOMME,Bob,Noir/carreaux blancs,"
                14,99 €"
897,1163146007,HOMME,Chemise,Beige,"
                19,99 €"
898,1150104003,HOMME,Short,Blanc,"
                29,99 €"
899,1165328002,HOMME,Chemise,Violet/ombré,"
                29,99 €"
900,1150104001,HOMME,Short,Noir,"
                29,99 €"
901,1169027001,HOMME,T-shirt,Orange/ombré,"
                19,99 €"
902,0863626009,HOMME,Lot,Noir/blanc,"
                29,99 €"
903,0945169013,HOMME,Lot,Beige clair/bleu marine,"
                19,99 €"
904,1035679014,HOMME,Pantalon,Blanc,"
                39,99 €"
905,1196499001,HOMME,Chemise,Blanc,"
                39,99 €"
906,0945169012,HOMME,Lot,Vert clair/vert foncé,"
                19,99 €"
907,0965257012,HOMME,Chemise,Beige clair,"
                24,99 €"
908,0945531030,HOMME,Lot,Bleu clair/bleu marine,"
                17,99 €"
909,1137721004,HOMME,Short,Blanc,"
                29,99 €"
910,0965257015,HOMME,Chemise,Blanc/rayures noires,"
                24,99 €"
911,1125107001,HOMME,Chemise,Blanc,"
                34,99 €"
912,0685816194,HOMME,T-shirt,Bleu clair,"
                5,99 €"
913,1125107002,HOMME,Chemise,Bleu clair,"
                34,99 €"
914,1143736004,HOMME,Chemise,Vert clair/rayures blanches,"
                24,99 €"
915,1149936001,HOMME,Chemise,Noir,"
                29,99 €"
916,0761501024,HOMME,Pantalon,Dark blue,"
                39,99 €"
917,0761501021,HOMME,Pantalon,Violet pâle,"
                39,99 €"
918,0685816195,HOMME,T-shirt,Rose pêche,"
                5,99 €"
919,1161465001,HOMME,T-shirt,Vert kaki clair,"
                24,99 €"
920,0945531036,HOMME,Lot,Light green/Light grey,"
                17,99 €"
921,1116123008,HOMME,T-shirt,Noir/rayures blanches,"
                19,99 €"
922,1147167001,HOMME,Short,Crème,"
                17,99 €"
923,0956343043,HOMME,Polo,Bleu marine,"
                9,99 €"
924,1160688001,HOMME,Chemise,Blanc,"
                24,99 €"
925,1139722004,HOMME,Salopette,Bleu denim clair,"
                59,99 €"
926,0740425019,HOMME,Chemise,Bleu clair,"
                24,99 €"
927,0973277044,HOMME,T-shirt,Noir/Nirvana,"
                9,99 €"
928,1196500001,HOMME,Short,Blanc,"
                39,99 €"
929,0931747021,HOMME,Tapered,Blanc,"
                34,99 €"
930,1019838025,HOMME,Chino,Crème,"
                29,99 €"
931,0972640062,HOMME,T-shirt,Blanc/The Discovery Channel,"
                14,99 €"
932,1160688006,HOMME,Chemise,Vert/rayures blanches,"
                24,99 €"
933,0965257016,HOMME,Chemise,Beige,"
                24,99 €"
934,1055361009,HOMME,Sneakers,Beige clair,"
                19,99 €"
935,1055361010,HOMME,Sneakers,Bleu foncé,"
                19,99 €"
936,1043405004,HOMME,Bomber,Beige clair,"
                59,99 €"
937,1099226003,HOMME,Ensemble,Abricot,"
                14,99 €"
938,1152866001,HOMME,Polo,Bleu foncé,"
                39,99 €"
939,1045432016,HOMME,Short,Denim blue,"
                29,99 €"
940,1071167008,HOMME,T-shirt,Vert kaki/batik,"
                14,99 €"
941,1037255007,HOMME,T-shirt,Blanc/plage,"
                9,99 €"
942,1137721001,HOMME,Short,Beige clair,"
                29,99 €"
943,1125480003,HOMME,Pantalon,Vert sauge,"
                39,99 €"
944,1139722001,HOMME,Salopette,Bleu denim,"
                59,99 €"
945,1194938001,HOMME,Hoodie,Gris foncé,"
                39,99 €"
946,1156438002,HOMME,T-shirt,Vert kaki clair,"
                19,99 €"
947,1160688002,HOMME,Chemise,Bleu clair,"
                24,99 €"
948,1137721003,HOMME,Short,Beige clair/rayures blanches,"
                29,99 €"
949,1036745017,HOMME,Chemise,Bleu clair,"
                24,99 €"
950,1045432015,HOMME,Short,Noir denim,"
                29,99 €"
951,1127680002,HOMME,Short,Beige clair,"
                24,99 €"
952,1116123007,HOMME,T-shirt,Violet clair/orques,"
                19,99 €"
953,1127680006,HOMME,Short,Rose saumon,"
                24,99 €"
954,1101074014,HOMME,T-shirt,Vert foncé,"
                17,99 €"
955,1064390001,HOMME,Chemise,Noir,"
                24,99 €"
956,0983297018,HOMME,Lot,Bleu/bleu clair,"
                19,99 €"
957,1136177003,HOMME,Pantalon,Gris clair,"
                34,99 €"
958,1170606001,HOMME,Pyjama,Grège clair,"
                24,99 €"
959,1150638002,HOMME,Short,Grège clair,"
                24,99 €"
960,1037593018,HOMME,Short,Gris-bleu,"
                14,99 €"
961,1067136006,HOMME,Polo,Rouge foncé,"
                29,99 €"
962,1038375008,HOMME,Short,Gris foncé,"
                29,99 €"
963,0649098026,HOMME,Lot,Blanc/rayures vert clair,"
                9,99 €"
964,1137833002,HOMME,Chemise,Noir,"
                39,99 €"
965,0816759051,HOMME,Polo,Grège,"
                9,99 €"
966,1194934001,HOMME,T-shirt,Noir,"
                24,99 €"
967,1153399006,HOMME,T-shirt,Blanc/Good Things,"
                17,99 €"
968,1136716002,HOMME,T-shirt,Crème,"
                24,99 €"
969,1032522072,HOMME,T-shirt,Beige/Adventure on My Mind,"
                9,99 €"
970,0944719022,HOMME,Short,Bleu clair,"
                14,99 €"
971,1157918002,HOMME,Short,Orange/motif feuilles,"
                24,99 €"
972,1137701001,HOMME,Short,Beige clair,"
                29,99 €"
973,1032522068,HOMME,T-shirt,Noir/Story Tellers,"
                9,99 €"
974,1137701004,HOMME,Short,Marron foncé,"
                29,99 €"
975,1121160005,HOMME,Chino,Vert clair,"
                29,99 €"
976,0501620090,HOMME,Chemise,Bleu foncé/palmiers,"
                14,99 €"
977,1127680004,HOMME,Short,Crème,"
                24,99 €"
978,0944718062,HOMME,Short,Blanc/palmiers,"
                19,99 €"
979,1134949002,HOMME,Chemise,Bleu clair,"
                19,99 €"
980,0956308039,HOMME,Short,Violet clair,"
                14,99 €"
981,0656677055,HOMME,Chemise,Beige/motif feuilles,"
                14,99 €"
982,1157706002,HOMME,Short,Vert kaki,"
                29,99 €"
983,1057589010,HOMME,Short,Beige clair,"
                17,99 €"
984,0971037008,HOMME,Boxer,Noir,"
                12,99 €"
985,1059431022,HOMME,T-shirt,Bleu clair/Bob l’éponge,"
                19,99 €"
986,1035597009,HOMME,Chemise,Bleu clair,"
                29,99 €"
987,0948441020,HOMME,T-shirt,Beige clair,"
                14,99 €"
988,0973277043,HOMME,T-shirt,Bleu clair/Rick et Morty,"
                9,99 €"
989,1037593012,HOMME,Short,Violet clair,"
                14,99 €"
990,1150638001,HOMME,Short,Noir,"
                24,99 €"
991,1064750002,HOMME,Short,Bleu,"
                17,99 €"
992,1194937001,HOMME,T-shirt,Noir,"
                14,99 €"
993,1171307004,HOMME,Polo,Marron foncé,"
                19,99 €"
994,0501620088,HOMME,Chemise,Beige/palmiers,"
                14,99 €"
995,0995634011,HOMME,Short,Vert sauge,"
                9,99 €"
996,0944719020,HOMME,Short,Orange,"
                14,99 €"
997,1139874002,HOMME,Pantalon,Brun rouille,"
                34,99 €"
998,1179240001,HOMME,T-shirt,Bleu clair/Summer Tour,"
                14,99 €"
999,1137833001,HOMME,Chemise,Blanc,"
                39,99 €"
1000,1037593011,HOMME,Short,Turquoise,"
                14,99 €"
1001,0656677063,HOMME,Chemise,Rouge/palmiers,"
                14,99 €"
1002,0624901029,HOMME,Short,Rose clair/soleils,"
                9,99 €"
1003,0983738006,HOMME,T-shirt,Blanc/NASA,"
                14,99 €"
1004,1152029002,HOMME,Short,Vert kaki,"
                24,99 €"
1005,1163100002,HOMME,Polo,Marron/rayures blanches,"
                19,99 €"
1006,0982708034,HOMME,Casquette,Vert kaki clair,"
                5,99 €"
1007,1145208006,HOMME,Débardeur,Marron clair,"
                14,99 €"
1008,1194937002,HOMME,T-shirt,Blanc,"
                14,99 €"
1009,1164304004,HOMME,Casquette,Crème,"
                9,99 €"
1010,1153020002,HOMME,Short,Marron foncé,"
                24,99 €"
1011,0973277046,HOMME,T-shirt,Noir/The Rolling Stones,"
                9,99 €"
1012,1134949003,HOMME,Chemise,Bleu clair/rayures blanches,"
                19,99 €"
1013,1135395002,HOMME,Short,Violet clair,"
                29,99 €"
1014,0881709007,HOMME,Short,Crème/NASA,"
                24,99 €"
1015,1059431021,HOMME,T-shirt,Bleu clair/Jaws,"
                19,99 €"
1016,1159823001,HOMME,T-shirt,Blanc/Snoopy,"
                19,99 €"
1017,1128251004,HOMME,Espadrilles,Violet pâle,"
                17,99 €"
1018,1194935002,HOMME,T-shirt,Blanc,"
                19,99 €"
1019,1127680003,HOMME,Short,Noir,"
                24,99 €"
1020,1147816001,HOMME,Short,Bleu clair,"
                19,99 €"
1021,1138108004,HOMME,Short,Noir,"
                29,99 €"
1022,0971037007,HOMME,Boxer,Bleu acier,"
                12,99 €"
1023,1035597008,HOMME,Chemise,Beige clair/motif,"
                29,99 €"
1024,0944718068,HOMME,Short,Bleu foncé/fruits,"
                19,99 €"
1025,0967153017,HOMME,T-shirt,Bleu clair,"
                14,99 €"
1026,1152353003,HOMME,Claquettes,Light yellow/SpongeBob,"
                19,99 €"
1027,1152059001,HOMME,Débardeur,Noir,"
                17,99 €"
1028,1063258005,HOMME,Débardeur,Noir,"
                9,99 €"
1029,0944719018,HOMME,Short,Gris foncé,"
                14,99 €"
1030,1157638001,HOMME,Short,Crème,"
                29,99 €"
1031,0618329027,HOMME,Chemise,Grège/fleuri,"
                19,99 €"
1032,1159824002,HOMME,Polo,Blanc/Mickey,"
                19,99 €"
1033,1123766003,HOMME,Pantalon,Noir,"
                49,99 €"
1034,1153937001,HOMME,Chapeau,Beige/noir,"
                14,99 €"
1035,1153653004,HOMME,Pantalon,Gris vintage,"
                34,99 €"
1036,1035597006,HOMME,Chemise,Marron foncé,"
                29,99 €"
1037,0618329024,HOMME,Chemise,Blanc/palmiers,"
                19,99 €"
1038,1143932001,HOMME,Salopette,Crème,"
                59,99 €"
1039,1155502001,HOMME,Casquette,Crème,"
                14,99 €"
1040,1162387002,HOMME,Polo,Vert,"
                17,99 €"
1041,0944718069,HOMME,Short,Blanc/paysage,"
                19,99 €"
1042,1043199012,HOMME,T-shirt,Orange foncé,"
                17,99 €"
1043,0981640008,HOMME,Chemise,Bleu clair/rayures blanches,"
                19,99 €"
1044,1048567013,HOMME,Casquette,Gris/canards,"
                9,99 €"
1045,1152353001,HOMME,Claquettes,Black/Smiley®,"
                19,99 €"
1046,1136278021,HOMME,Chemise,Blanc/soleils,"
                19,99 €"
1047,0982708035,HOMME,Casquette,Violet clair,"
                5,99 €"
1048,0944718061,HOMME,Short,Bleu clair/motif,"
                19,99 €"
1049,1162387001,HOMME,Polo,Bleu foncé,"
                17,99 €"
1050,0783359032,HOMME,Casquette,Blanc/New York,"
                14,99 €"
1051,1160682004,HOMME,Short,Beige/palmiers,"
                17,99 €"
1052,0944720023,HOMME,Short,Marron/motif peau de serpent,"
                19,99 €"
1053,1148269001,HOMME,Short,Beige,"
                34,99 €"
1054,1147816002,HOMME,Short,Bleu foncé,"
                19,99 €"
1055,0863626010,HOMME,Lot,Rose/violet/bleu clair,"
                29,99 €"
1056,1037593020,HOMME,Short,Jaune clair,"
                14,99 €"
1057,1145028001,HOMME,Cuissard,Noir,"
                24,99 €"
1058,1194934003,HOMME,T-shirt,Gris,"
                24,99 €"
1059,1025397010,HOMME,Top,Vert sauge,"
                19,99 €"
1060,0920172012,HOMME,Short,Vert vif,"
                14,99 €"
1061,0982708028,HOMME,Casquette,Jaune clair,"
                5,99 €"
1062,1005627024,HOMME,Lot,Gris/rose,"
                14,99 €"
1063,1163151002,HOMME,Short,Noir,"
                14,99 €"
1064,1159777002,HOMME,Bob,Beige clair/Snoopy,"
                14,99 €"
1065,1147561003,HOMME,Bob,Violet clair/Zone of Peace,"
                14,99 €"
1066,1162397001,HOMME,Short,Violet,"
                24,99 €"
1067,1194940002,HOMME,Legging,Blanc,"
                19,99 €"
1068,1132909001,HOMME,Pull,Brun-rouge,"
                29,99 €"
1069,1162810002,HOMME,Bob,Beige/carreaux noirs,"
                14,99 €"
1070,1145203008,HOMME,T-shirt,Vert sauge,"
                14,99 €"
1071,0956343045,HOMME,Polo,Bleu/rayures bleu clair,"
                9,99 €"
1072,1170425001,HOMME,Short,Beige/motif peau de serpent,"
                19,99 €"
1073,1150115003,HOMME,Short,Beige clair,"
                29,99 €"
1074,1057591010,HOMME,Short,Noir/motif zébré,"
                17,99 €"
1075,1154822002,HOMME,T-shirt,Bleu/motif,"
                17,99 €"
1076,1145203002,HOMME,T-shirt,Marron clair,"
                14,99 €"
1077,1142195006,HOMME,Short,Noir,"
                34,99 €"
1078,0964264009,HOMME,Short,Noir/Rick et Morty,"
                24,99 €"
1079,1042545008,HOMME,Short,Vert sauge,"
                22,99 €"
1080,1045433011,HOMME,Short,Gris denim,"
                29,99 €"
1081,1138108005,HOMME,Short,Beige,"
                29,99 €"
1082,1138106005,HOMME,Sweat,Beige,"
                34,99 €"
1083,1147561004,HOMME,Bob,Gris clair/Torino Tour,"
                14,99 €"
1084,0995429012,HOMME,Short,Beige,"
                24,99 €"
1085,1194934002,HOMME,T-shirt,Blanc,"
                24,99 €"
1086,1136177006,HOMME,Pantalon,Rose saumon,"
                34,99 €"
1087,1086865013,HOMME,Veste,Beige/motif,"
                29,99 €"
1088,1082103013,HOMME,Débardeur,Vert kaki/marron,"
                9,99 €"
1089,1025397011,HOMME,Top,Marron clair,"
                19,99 €"
1090,1164222001,HOMME,Short,Noir/carreaux blancs,"
                17,99 €"
1091,1025404026,HOMME,Short,Vert kaki/marron,"
                14,99 €"
1092,1054578007,HOMME,Short,Noir,"
                17,99 €"
1093,1145028002,HOMME,Cuissard,Marron clair,"
                24,99 €"
1094,1105454008,HOMME,Short,Bleu,"
                24,99 €"
